{"B3293": {"Malabar": 5.6173606, "Dafrost": 5.6173606, "Grobogan": 5.61736}, "Malabar": {"B3293": 5.6173606, "Dafrost": 0.0401252, "Grobogan": 0.5388805999999999}, "Dafrost": {"B3293": 5.6173606, "Malabar": 0.0401252, "Grobogan": 0.5388805999999999}, "Grobogan": {"B3293": 5.61736, "Malabar": 0.5388805999999999, "Dafrost": 0.5388805999999999}}