{"B3293": {"Malabar": 5.35501, "Dafrost": 3.27776, "Grobogan": 7.936920000000001}, "Malabar": {"B3293": 5.35501, "Dafrost": 2.07725, "Grobogan": 2.58191}, "Dafrost": {"B3293": 3.27776, "Malabar": 2.07725, "Grobogan": 4.65916}, "Grobogan": {"B3293": 7.936920000000001, "Malabar": 2.58191, "Dafrost": 4.65916}}