{"B3293": {"Malabar": 5.6173962, "Dafrost": 5.6173962, "Grobogan": 5.617395999999999}, "Malabar": {"B3293": 5.6173962, "Dafrost": 0.0403564, "Grobogan": 0.5390322}, "Dafrost": {"B3293": 5.6173962, "Malabar": 0.0403564, "Grobogan": 0.5390322}, "Grobogan": {"B3293": 5.617395999999999, "Malabar": 0.5390322, "Dafrost": 0.5390322}}