{"B3293": {"Malabar": 5.35494, "Dafrost": 3.2777, "Grobogan": 7.93689}, "Malabar": {"B3293": 5.35494, "Dafrost": 2.07724, "Grobogan": 2.58195}, "Dafrost": {"B3293": 3.2777, "Malabar": 2.07724, "Grobogan": 4.659190000000001}, "Grobogan": {"B3293": 7.93689, "Malabar": 2.58195, "Dafrost": 4.659190000000001}}